<Device>
  <DeviceInformation DeviceName="NGIMU" SerialNumber="00424B93" FirmwareVersion="v1.15 (Apr 26 2021 10:29:52)" BootloaderVersion="v2.0 (Mar 27 2019 15:56:10)" HardwareVersion="v1.6 (February)" />
  <ConnectionInformation ConnectionType="Udp" SendIPAddress="192.168.0.102" SendPort="9000" AdapterIPAddress="192.168.0.100" ReceivePort="8102" AdapterName="Intel(R) Wireless-AC 9560" />
  <TimeStamps First="2023-09-06 09:20:36.264" Last="2023-09-06 09:21:06.270" TimeSpan="00:00:30.006" />
  <FilesCreated>
    <File Name="sensors.csv" Messages="11969" />
    <File Name="quaternion.csv" Messages="11969" />
    <File Name="rssi.csv" Messages="60" />
    <File Name="temperature.csv" Messages="30" />
    <File Name="humidity.csv" Messages="30" />
    <File Name="battery.csv" Messages="30" />
  </FilesCreated>
  <Statistics BytesReceived="164872976" PacketsReceived="217159" BundlesReceived="2401927" MessagesReceived="2184846" ReceiveErrors="0" />
</Device>