<Device>
  <DeviceInformation DeviceName="NGIMU_DIREITA" SerialNumber="004244B8" FirmwareVersion="v1.15 (Apr 26 2021 10:29:52)" BootloaderVersion="v2.0 (Mar 27 2019 15:56:10)" HardwareVersion="v1.6 (February)" />
  <ConnectionInformation ConnectionType="Udp" SendIPAddress="192.168.0.102" SendPort="9000" AdapterIPAddress="192.168.0.100" ReceivePort="8102" AdapterName="Intel(R) Wireless-AC 9560" />
  <TimeStamps First="2023-11-16 10:15:03.243" Last="2023-11-16 10:15:22.032" TimeSpan="00:00:18.789" />
  <FilesCreated>
    <File Name="sensors.csv" Messages="6779" />
    <File Name="quaternion.csv" Messages="6779" />
    <File Name="battery.csv" Messages="19" />
    <File Name="rssi.csv" Messages="37" />
  </FilesCreated>
  <Statistics BytesReceived="100173512" PacketsReceived="135254" BundlesReceived="1460884" MessagesReceived="1325708" ReceiveErrors="0" />
</Device>