<Device>
  <DeviceInformation DeviceName="NGIMU" SerialNumber="004244B8" FirmwareVersion="v1.15 (Apr 26 2021 10:29:52)" BootloaderVersion="v2.0 (Mar 27 2019 15:56:10)" HardwareVersion="v1.6 (February)" />
  <ConnectionInformation ConnectionType="Udp" SendIPAddress="192.168.1.1" SendPort="9000" AdapterIPAddress="192.168.1.2" ReceivePort="8001" AdapterName="Intel(R) Wireless-AC 9560" />
  <TimeStamps First="2000-04-03 09:19:26.979" Last="2000-04-03 09:19:57.159" TimeSpan="00:00:30.180" />
  <FilesCreated>
    <File Name="sensors.csv" Messages="1510" />
    <File Name="quaternion.csv" Messages="1510" />
    <File Name="temperature.csv" Messages="30" />
    <File Name="humidity.csv" Messages="30" />
    <File Name="battery.csv" Messages="30" />
  </FilesCreated>
  <Statistics BytesReceived="8490496" PacketsReceived="50657" BundlesReceived="154983" MessagesReceived="104407" ReceiveErrors="0" />
</Device>