<Device>
  <DeviceInformation DeviceName="NGIMU" SerialNumber="00424B93" FirmwareVersion="v1.15 (Apr 26 2021 10:29:52)" BootloaderVersion="v2.0 (Mar 27 2019 15:56:10)" HardwareVersion="v1.6 (February)" />
  <ConnectionInformation ConnectionType="Udp" SendIPAddress="192.168.0.100" SendPort="9000" AdapterIPAddress="192.168.0.102" ReceivePort="8100" AdapterName="Intel(R) Wireless-AC 9560" />
  <TimeStamps First="2023-08-02 12:03:05.261" Last="2023-08-02 12:03:35.260" TimeSpan="00:00:29.999" />
  <FilesCreated>
    <File Name="sensors.csv" Messages="1500" />
    <File Name="quaternion.csv" Messages="1500" />
    <File Name="rssi.csv" Messages="60" />
    <File Name="temperature.csv" Messages="30" />
    <File Name="humidity.csv" Messages="30" />
    <File Name="battery.csv" Messages="30" />
  </FilesCreated>
  <Statistics BytesReceived="15295276" PacketsReceived="90314" BundlesReceived="279935" MessagesReceived="189702" ReceiveErrors="0" />
</Device>