<Device>
  <DeviceInformation DeviceName="NGIMU" SerialNumber="00424B93" FirmwareVersion="v1.15 (Apr 26 2021 10:29:52)" BootloaderVersion="v2.0 (Mar 27 2019 15:56:10)" HardwareVersion="v1.6 (February)" />
  <ConnectionInformation ConnectionType="Udp" SendIPAddress="192.168.0.101" SendPort="9000" AdapterIPAddress="192.168.0.100" ReceivePort="8101" AdapterName="Intel(R) Wireless-AC 9560" />
  <TimeStamps First="2023-08-28 16:23:51.819" Last="2023-08-28 16:24:21.829" TimeSpan="00:00:30.010" />
  <FilesCreated>
    <File Name="sensors.csv" Messages="6003" />
    <File Name="quaternion.csv" Messages="6003" />
    <File Name="temperature.csv" Messages="30" />
    <File Name="humidity.csv" Messages="30" />
    <File Name="battery.csv" Messages="30" />
    <File Name="rssi.csv" Messages="60" />
  </FilesCreated>
  <Statistics BytesReceived="35370248" PacketsReceived="52958" BundlesReceived="520432" MessagesReceived="467604" ReceiveErrors="0" />
</Device>