<Device>
  <DeviceInformation DeviceName="NGIMU" SerialNumber="004244B8" FirmwareVersion="v1.15 (Apr 26 2021 10:29:52)" BootloaderVersion="v2.0 (Mar 27 2019 15:56:10)" HardwareVersion="v1.6 (February)" />
  <ConnectionInformation ConnectionType="Udp" SendIPAddress="192.168.1.1" SendPort="9000" AdapterIPAddress="192.168.1.2" ReceivePort="8001" AdapterName="Intel(R) Wireless-AC 9560" />
  <TimeStamps First="2000-04-07 08:17:32.527" Last="2000-04-07 08:18:03.306" TimeSpan="00:00:30.779" />
  <FilesCreated>
    <File Name="sensors.csv" Messages="1539" />
    <File Name="quaternion.csv" Messages="1539" />
    <File Name="temperature.csv" Messages="31" />
    <File Name="humidity.csv" Messages="31" />
    <File Name="battery.csv" Messages="31" />
  </FilesCreated>
  <Statistics BytesReceived="18926788" PacketsReceived="112927" BundlesReceived="345528" MessagesReceived="232679" ReceiveErrors="0" />
</Device>