<Device>
  <DeviceInformation DeviceName="NGIMU" SerialNumber="004244B8" FirmwareVersion="v1.15 (Apr 26 2021 10:29:52)" BootloaderVersion="v2.0 (Mar 27 2019 15:56:10)" HardwareVersion="v1.6 (February)" />
  <ConnectionInformation ConnectionType="Udp" SendIPAddress="192.168.0.102" SendPort="9000" AdapterIPAddress="192.168.0.100" ReceivePort="8102" AdapterName="Intel(R) Wireless-AC 9560" />
  <TimeStamps First="2023-08-03 15:56:23.652" Last="2023-08-03 15:56:48.651" TimeSpan="00:00:24.999" />
  <FilesCreated>
    <File Name="sensors.csv" Messages="1246" />
    <File Name="quaternion.csv" Messages="1246" />
    <File Name="rssi.csv" Messages="50" />
    <File Name="temperature.csv" Messages="25" />
    <File Name="humidity.csv" Messages="25" />
    <File Name="battery.csv" Messages="25" />
  </FilesCreated>
  <Statistics BytesReceived="16338716" PacketsReceived="96474" BundlesReceived="299035" MessagesReceived="202640" ReceiveErrors="0" />
</Device>