<Device>
  <DeviceInformation DeviceName="NGIMU" SerialNumber="00424B93" FirmwareVersion="v1.15 (Apr 26 2021 10:29:52)" BootloaderVersion="v2.0 (Mar 27 2019 15:56:10)" HardwareVersion="v1.6 (February)" />
  <ConnectionInformation ConnectionType="Udp" SendIPAddress="192.168.0.101" SendPort="9000" AdapterIPAddress="192.168.0.100" ReceivePort="8101" AdapterName="Intel(R) Wireless-AC 9560" />
  <TimeStamps First="2023-08-28 15:12:07.266" Last="2023-08-28 15:12:37.276" TimeSpan="00:00:30.010" />
  <FilesCreated>
    <File Name="sensors.csv" Messages="6000" />
    <File Name="quaternion.csv" Messages="6000" />
    <File Name="temperature.csv" Messages="30" />
    <File Name="humidity.csv" Messages="30" />
    <File Name="battery.csv" Messages="30" />
    <File Name="rssi.csv" Messages="60" />
  </FilesCreated>
  <Statistics BytesReceived="107157356" PacketsReceived="202372" BundlesReceived="1597890" MessagesReceived="1395701" ReceiveErrors="0" />
</Device>