<Device>
  <DeviceInformation DeviceName="NGIMU" SerialNumber="00424B93" FirmwareVersion="v1.15 (Apr 26 2021 10:29:52)" BootloaderVersion="v2.0 (Mar 27 2019 15:56:10)" HardwareVersion="v1.6 (February)" />
  <ConnectionInformation ConnectionType="Udp" SendIPAddress="192.168.0.101" SendPort="9000" AdapterIPAddress="192.168.0.100" ReceivePort="8101" AdapterName="Intel(R) Wireless-AC 9560" />
  <TimeStamps First="2023-08-28 16:15:28.106" Last="2023-08-28 16:15:58.116" TimeSpan="00:00:30.010" />
  <FilesCreated>
    <File Name="sensors.csv" Messages="12005" />
    <File Name="quaternion.csv" Messages="12005" />
    <File Name="rssi.csv" Messages="60" />
    <File Name="temperature.csv" Messages="30" />
    <File Name="humidity.csv" Messages="30" />
    <File Name="battery.csv" Messages="30" />
  </FilesCreated>
  <Statistics BytesReceived="5994404" PacketsReceived="13198" BundlesReceived="91614" MessagesReceived="78520" ReceiveErrors="0" />
</Device>