<Device>
  <DeviceInformation DeviceName="NGIMU" SerialNumber="004244B8" FirmwareVersion="v1.15 (Apr 26 2021 10:29:52)" BootloaderVersion="v2.0 (Mar 27 2019 15:56:10)" HardwareVersion="v1.6 (February)" />
  <ConnectionInformation ConnectionType="Udp" SendIPAddress="192.168.1.1" SendPort="9000" AdapterIPAddress="192.168.1.2" ReceivePort="8001" AdapterName="Intel(R) Wireless-AC 9560" />
  <TimeStamps First="2000-04-03 09:38:43.186" Last="2000-04-03 09:39:08.967" TimeSpan="00:00:25.781" />
  <FilesCreated>
    <File Name="sensors.csv" Messages="1290" />
    <File Name="quaternion.csv" Messages="1290" />
    <File Name="temperature.csv" Messages="26" />
    <File Name="humidity.csv" Messages="26" />
    <File Name="battery.csv" Messages="26" />
  </FilesCreated>
  <Statistics BytesReceived="15261224" PacketsReceived="91054" BundlesReceived="278601" MessagesReceived="187628" ReceiveErrors="0" />
</Device>