<Device>
  <DeviceInformation DeviceName="NGIMU" SerialNumber="004244B8" FirmwareVersion="v1.15 (Apr 26 2021 10:29:52)" BootloaderVersion="v2.0 (Mar 27 2019 15:56:10)" HardwareVersion="v1.6 (February)" />
  <ConnectionInformation ConnectionType="Udp" SendIPAddress="192.168.1.1" SendPort="9000" AdapterIPAddress="192.168.1.2" ReceivePort="8001" AdapterName="Intel(R) Wireless-AC 9560" />
  <TimeStamps First="2000-04-03 09:08:42.525" Last="2000-04-03 09:09:19.426" TimeSpan="00:00:36.901" />
  <FilesCreated>
    <File Name="sensors.csv" Messages="1846" />
    <File Name="quaternion.csv" Messages="1846" />
    <File Name="temperature.csv" Messages="37" />
    <File Name="humidity.csv" Messages="37" />
    <File Name="battery.csv" Messages="37" />
  </FilesCreated>
  <Statistics BytesReceived="4160496" PacketsReceived="24822" BundlesReceived="75927" MessagesReceived="51186" ReceiveErrors="0" />
</Device>