<Device>
  <DeviceInformation DeviceName="NGIMU" SerialNumber="004244B8" FirmwareVersion="v1.15 (Apr 26 2021 10:29:52)" BootloaderVersion="v2.0 (Mar 27 2019 15:56:10)" HardwareVersion="v1.6 (February)" />
  <ConnectionInformation ConnectionType="Udp" SendIPAddress="192.168.0.101" SendPort="9000" AdapterIPAddress="192.168.0.102" ReceivePort="8101" AdapterName="Intel(R) Wireless-AC 9560" />
  <TimeStamps First="2023-08-02 12:10:57.100" Last="2023-08-02 12:11:27.100" TimeSpan="00:00:30.000" />
  <FilesCreated>
    <File Name="sensors.csv" Messages="1501" />
    <File Name="quaternion.csv" Messages="1501" />
    <File Name="temperature.csv" Messages="30" />
    <File Name="humidity.csv" Messages="30" />
    <File Name="rssi.csv" Messages="60" />
    <File Name="battery.csv" Messages="29" />
  </FilesCreated>
  <Statistics BytesReceived="18335360" PacketsReceived="108259" BundlesReceived="335579" MessagesReceived="227401" ReceiveErrors="0" />
</Device>