<Device>
  <DeviceInformation DeviceName="NGIMU" SerialNumber="004244B8" FirmwareVersion="v1.15 (Apr 26 2021 10:29:52)" BootloaderVersion="v2.0 (Mar 27 2019 15:56:10)" HardwareVersion="v1.6 (February)" />
  <ConnectionInformation ConnectionType="Udp" SendIPAddress="192.168.0.102" SendPort="9000" AdapterIPAddress="192.168.0.100" ReceivePort="8102" AdapterName="Intel(R) Wireless-AC 9560" />
  <TimeStamps First="2023-08-28 14:52:39.799" Last="2023-08-28 14:53:09.822" TimeSpan="00:00:30.023" />
  <FilesCreated>
    <File Name="sensors.csv" Messages="12010" />
    <File Name="quaternion.csv" Messages="12010" />
    <File Name="temperature.csv" Messages="30" />
    <File Name="humidity.csv" Messages="30" />
    <File Name="battery.csv" Messages="30" />
    <File Name="rssi.csv" Messages="60" />
  </FilesCreated>
  <Statistics BytesReceived="37470404" PacketsReceived="109410" BundlesReceived="581727" MessagesReceived="472488" ReceiveErrors="0" />
</Device>