<Device>
  <DeviceInformation DeviceName="NGIMU" SerialNumber="004244B8" FirmwareVersion="v1.15 (Apr 26 2021 10:29:52)" BootloaderVersion="v2.0 (Mar 27 2019 15:56:10)" HardwareVersion="v1.6 (February)" />
  <ConnectionInformation ConnectionType="Udp" SendIPAddress="192.168.0.101" SendPort="9000" AdapterIPAddress="192.168.0.102" ReceivePort="8101" AdapterName="Intel(R) Wireless-AC 9560" />
  <TimeStamps First="2023-08-02 12:03:05.245" Last="2023-08-02 12:03:35.266" TimeSpan="00:00:30.021" />
  <FilesCreated>
    <File Name="sensors.csv" Messages="1502" />
    <File Name="quaternion.csv" Messages="1502" />
    <File Name="temperature.csv" Messages="31" />
    <File Name="humidity.csv" Messages="31" />
    <File Name="rssi.csv" Messages="61" />
    <File Name="battery.csv" Messages="30" />
  </FilesCreated>
  <Statistics BytesReceived="15274924" PacketsReceived="90188" BundlesReceived="279560" MessagesReceived="189453" ReceiveErrors="0" />
</Device>