<Device>
  <DeviceInformation DeviceName="NGIMU" SerialNumber="004244B8" FirmwareVersion="v1.15 (Apr 26 2021 10:29:52)" BootloaderVersion="v2.0 (Mar 27 2019 15:56:10)" HardwareVersion="v1.6 (February)" />
  <ConnectionInformation ConnectionType="Udp" SendIPAddress="192.168.0.101" SendPort="9000" AdapterIPAddress="192.168.0.102" ReceivePort="8101" AdapterName="Intel(R) Wireless-AC 9560" />
  <TimeStamps First="2023-06-07 16:15:41.068" Last="2023-06-07 16:16:11.067" TimeSpan="00:00:29.999" />
  <FilesCreated>
    <File Name="sensors.csv" Messages="1501" />
    <File Name="quaternion.csv" Messages="1501" />
    <File Name="temperature.csv" Messages="30" />
    <File Name="humidity.csv" Messages="30" />
    <File Name="battery.csv" Messages="30" />
    <File Name="rssi.csv" Messages="60" />
  </FilesCreated>
  <Statistics BytesReceived="2770980" PacketsReceived="16350" BundlesReceived="50679" MessagesReceived="34408" ReceiveErrors="0" />
</Device>