<Device>
  <DeviceInformation DeviceName="NGIMU_ESQUERDA" SerialNumber="00424494" FirmwareVersion="v1.15 (Apr 26 2021 10:29:52)" BootloaderVersion="v2.0 (Mar 27 2019 15:56:10)" HardwareVersion="v1.6 (February)" />
  <ConnectionInformation ConnectionType="Udp" SendIPAddress="192.168.0.101" SendPort="9000" AdapterIPAddress="192.168.0.100" ReceivePort="8101" AdapterName="Intel(R) Wireless-AC 9560" />
  <TimeStamps First="2023-11-16 10:30:28.247" Last="2023-11-16 10:30:46.763" TimeSpan="00:00:18.516" />
  <FilesCreated>
    <File Name="sensors.csv" Messages="7097" />
    <File Name="quaternion.csv" Messages="7096" />
    <File Name="rssi.csv" Messages="37" />
    <File Name="battery.csv" Messages="18" />
  </FilesCreated>
  <Statistics BytesReceived="162039936" PacketsReceived="214572" BundlesReceived="2359684" MessagesReceived="2145193" ReceiveErrors="0" />
</Device>