<Device>
  <DeviceInformation DeviceName="NGIMU" SerialNumber="004244B8" FirmwareVersion="v1.15 (Apr 26 2021 10:29:52)" BootloaderVersion="v2.0 (Mar 27 2019 15:56:10)" HardwareVersion="v1.6 (February)" />
  <ConnectionInformation ConnectionType="Udp" SendIPAddress="192.168.0.102" SendPort="9000" AdapterIPAddress="192.168.0.100" ReceivePort="8102" AdapterName="Intel(R) Wireless-AC 9560" />
  <TimeStamps First="2023-08-03 15:37:28.982" Last="2023-08-03 15:37:48.982" TimeSpan="00:00:20.000" />
  <FilesCreated>
    <File Name="sensors.csv" Messages="1001" />
    <File Name="quaternion.csv" Messages="1001" />
    <File Name="temperature.csv" Messages="20" />
    <File Name="humidity.csv" Messages="20" />
    <File Name="battery.csv" Messages="20" />
    <File Name="rssi.csv" Messages="40" />
  </FilesCreated>
  <Statistics BytesReceived="6695108" PacketsReceived="39532" BundlesReceived="122517" MessagesReceived="83064" ReceiveErrors="0" />
</Device>