<Device>
  <DeviceInformation DeviceName="NGIMU" SerialNumber="004244B8" FirmwareVersion="v1.15 (Apr 26 2021 10:29:52)" BootloaderVersion="v2.0 (Mar 27 2019 15:56:10)" HardwareVersion="v1.6 (February)" />
  <ConnectionInformation ConnectionType="Udp" SendIPAddress="192.168.0.101" SendPort="9000" AdapterIPAddress="192.168.0.100" ReceivePort="8101" AdapterName="Intel(R) Wireless-AC 9560" />
  <TimeStamps First="2023-09-06 09:20:36.264" Last="2023-09-06 09:21:06.287" TimeSpan="00:00:30.023" />
  <FilesCreated>
    <File Name="sensors.csv" Messages="11960" />
    <File Name="quaternion.csv" Messages="11960" />
    <File Name="rssi.csv" Messages="60" />
    <File Name="temperature.csv" Messages="30" />
    <File Name="humidity.csv" Messages="30" />
    <File Name="battery.csv" Messages="30" />
  </FilesCreated>
  <Statistics BytesReceived="165309084" PacketsReceived="217699" BundlesReceived="2408245" MessagesReceived="2190627" ReceiveErrors="0" />
</Device>