<Device>
  <DeviceInformation DeviceName="NGIMU" SerialNumber="004244B8" FirmwareVersion="v1.15 (Apr 26 2021 10:29:52)" BootloaderVersion="v2.0 (Mar 27 2019 15:56:10)" HardwareVersion="v1.6 (February)" />
  <ConnectionInformation ConnectionType="Udp" SendIPAddress="192.168.0.102" SendPort="9000" AdapterIPAddress="192.168.0.100" ReceivePort="8102" AdapterName="Intel(R) Wireless-AC 9560" />
  <TimeStamps First="2023-08-03 15:53:05.954" Last="2023-08-03 15:53:30.953" TimeSpan="00:00:24.999" />
  <FilesCreated>
    <File Name="sensors.csv" Messages="1251" />
    <File Name="quaternion.csv" Messages="1251" />
    <File Name="temperature.csv" Messages="25" />
    <File Name="humidity.csv" Messages="25" />
    <File Name="battery.csv" Messages="25" />
    <File Name="rssi.csv" Messages="50" />
  </FilesCreated>
  <Statistics BytesReceived="14665704" PacketsReceived="86596" BundlesReceived="268412" MessagesReceived="181895" ReceiveErrors="0" />
</Device>