<Device>
  <DeviceInformation DeviceName="NGIMU_DIREITA" SerialNumber="004244B8" FirmwareVersion="v1.15 (Apr 26 2021 10:29:52)" BootloaderVersion="v2.0 (Mar 27 2019 15:56:10)" HardwareVersion="v1.6 (February)" />
  <ConnectionInformation ConnectionType="Udp" SendIPAddress="192.168.0.101" SendPort="9000" AdapterIPAddress="192.168.0.100" ReceivePort="8101" AdapterName="Intel(R) Wireless-AC 9560" />
  <TimeStamps First="2023-11-14 15:14:30.588" Last="2023-11-14 15:21:26.999" TimeSpan="00:06:56.411" />
  <FilesCreated>
    <File Name="sensors.csv" Messages="152197" />
    <File Name="quaternion.csv" Messages="152192" />
    <File Name="rssi.csv" Messages="833" />
    <File Name="battery.csv" Messages="416" />
  </FilesCreated>
  <Statistics BytesReceived="72762776" PacketsReceived="98250" BundlesReceived="1061135" MessagesReceived="962964" ReceiveErrors="0" />
</Device>