<Device>
  <DeviceInformation DeviceName="NGIMU_ESQUERDA" SerialNumber="00424494" FirmwareVersion="v1.15 (Apr 26 2021 10:29:52)" BootloaderVersion="v2.0 (Mar 27 2019 15:56:10)" HardwareVersion="v1.6 (February)" />
  <ConnectionInformation ConnectionType="Udp" SendIPAddress="192.168.0.102" SendPort="9000" AdapterIPAddress="192.168.0.100" ReceivePort="8102" AdapterName="Intel(R) Wireless-AC 9560" />
  <TimeStamps First="2023-11-14 15:14:30.592" Last="2023-11-14 15:21:26.974" TimeSpan="00:06:56.382" />
  <FilesCreated>
    <File Name="sensors.csv" Messages="164084" />
    <File Name="quaternion.csv" Messages="164063" />
    <File Name="battery.csv" Messages="416" />
    <File Name="rssi.csv" Messages="831" />
  </FilesCreated>
  <Statistics BytesReceived="78596612" PacketsReceived="104116" BundlesReceived="1144565" MessagesReceived="1040528" ReceiveErrors="0" />
</Device>