<Device>
  <DeviceInformation DeviceName="NGIMU" SerialNumber="00424B93" FirmwareVersion="v1.15 (Apr 26 2021 10:29:52)" BootloaderVersion="v2.0 (Mar 27 2019 15:56:10)" HardwareVersion="v1.6 (February)" />
  <ConnectionInformation ConnectionType="Udp" SendIPAddress="192.168.0.102" SendPort="9000" AdapterIPAddress="192.168.0.100" ReceivePort="8102" AdapterName="Intel(R) Wireless-AC 9560" />
  <TimeStamps First="2023-09-06 09:22:31.922" Last="2023-09-06 09:23:01.979" TimeSpan="00:00:30.057" />
  <FilesCreated>
    <File Name="sensors.csv" Messages="11994" />
    <File Name="quaternion.csv" Messages="11994" />
    <File Name="rssi.csv" Messages="58" />
    <File Name="temperature.csv" Messages="29" />
    <File Name="humidity.csv" Messages="29" />
    <File Name="battery.csv" Messages="29" />
  </FilesCreated>
  <Statistics BytesReceived="171872428" PacketsReceived="226378" BundlesReceived="2503898" MessagesReceived="2277598" ReceiveErrors="0" />
</Device>