<Device>
  <DeviceInformation DeviceName="NGIMU" SerialNumber="004244B8" FirmwareVersion="v1.15 (Apr 26 2021 10:29:52)" BootloaderVersion="v2.0 (Mar 27 2019 15:56:10)" HardwareVersion="v1.6 (February)" />
  <ConnectionInformation ConnectionType="Udp" SendIPAddress="192.168.0.102" SendPort="9000" AdapterIPAddress="192.168.0.100" ReceivePort="8102" AdapterName="Intel(R) Wireless-AC 9560" />
  <TimeStamps First="2023-08-28 15:12:07.266" Last="2023-08-28 15:12:37.291" TimeSpan="00:00:30.025" />
  <FilesCreated>
    <File Name="sensors.csv" Messages="5997" />
    <File Name="quaternion.csv" Messages="5997" />
    <File Name="rssi.csv" Messages="60" />
    <File Name="temperature.csv" Messages="30" />
    <File Name="humidity.csv" Messages="30" />
    <File Name="battery.csv" Messages="30" />
  </FilesCreated>
  <Statistics BytesReceived="107127024" PacketsReceived="202249" BundlesReceived="1597403" MessagesReceived="1395338" ReceiveErrors="0" />
</Device>