<Device>
  <DeviceInformation DeviceName="NGIMU" SerialNumber="004244B8" FirmwareVersion="v1.15 (Apr 26 2021 10:29:52)" BootloaderVersion="v2.0 (Mar 27 2019 15:56:10)" HardwareVersion="v1.6 (February)" />
  <ConnectionInformation ConnectionType="Udp" SendIPAddress="192.168.0.101" SendPort="9000" AdapterIPAddress="192.168.0.100" ReceivePort="8101" AdapterName="Intel(R) Wireless-AC 9560" />
  <TimeStamps First="2023-09-06 09:43:41.786" Last="2023-09-06 09:44:16.795" TimeSpan="00:00:35.009" />
  <FilesCreated>
    <File Name="sensors.csv" Messages="13935" />
    <File Name="quaternion.csv" Messages="13935" />
    <File Name="temperature.csv" Messages="35" />
    <File Name="humidity.csv" Messages="35" />
    <File Name="battery.csv" Messages="35" />
    <File Name="rssi.csv" Messages="70" />
  </FilesCreated>
  <Statistics BytesReceived="249444536" PacketsReceived="328497" BundlesReceived="3633966" MessagesReceived="3305550" ReceiveErrors="0" />
</Device>