<Device>
  <DeviceInformation DeviceName="NGIMU_ESQUERDA" SerialNumber="00424494" FirmwareVersion="v1.15 (Apr 26 2021 10:29:52)" BootloaderVersion="v2.0 (Mar 27 2019 15:56:10)" HardwareVersion="v1.6 (February)" />
  <ConnectionInformation ConnectionType="Udp" SendIPAddress="192.168.0.101" SendPort="9000" AdapterIPAddress="192.168.0.100" ReceivePort="8101" AdapterName="Intel(R) Wireless-AC 9560" />
  <TimeStamps First="2023-11-16 10:15:03.235" Last="2023-11-16 10:15:22.023" TimeSpan="00:00:18.788" />
  <FilesCreated>
    <File Name="sensors.csv" Messages="7447" />
    <File Name="quaternion.csv" Messages="7447" />
    <File Name="battery.csv" Messages="19" />
    <File Name="rssi.csv" Messages="38" />
  </FilesCreated>
  <Statistics BytesReceived="107733888" PacketsReceived="142666" BundlesReceived="1568852" MessagesReceived="1426267" ReceiveErrors="0" />
</Device>