<Device>
  <DeviceInformation DeviceName="NGIMU" SerialNumber="00424B93" FirmwareVersion="v1.15 (Apr 26 2021 10:29:52)" BootloaderVersion="v2.0 (Mar 27 2019 15:56:10)" HardwareVersion="v1.6 (February)" />
  <ConnectionInformation ConnectionType="Udp" SendIPAddress="192.168.0.101" SendPort="9000" AdapterIPAddress="192.168.0.100" ReceivePort="8101" AdapterName="Intel(R) Wireless-AC 9560" />
  <TimeStamps First="2023-08-03 15:46:56.004" Last="2023-08-03 15:47:16.003" TimeSpan="00:00:19.999" />
  <FilesCreated>
    <File Name="sensors.csv" Messages="1000" />
    <File Name="quaternion.csv" Messages="1000" />
    <File Name="temperature.csv" Messages="20" />
    <File Name="humidity.csv" Messages="20" />
    <File Name="battery.csv" Messages="20" />
    <File Name="rssi.csv" Messages="40" />
  </FilesCreated>
  <Statistics BytesReceived="11469520" PacketsReceived="67723" BundlesReceived="209909" MessagesReceived="142264" ReceiveErrors="0" />
</Device>