<Device>
  <DeviceInformation DeviceName="NGIMU" SerialNumber="004244B8" FirmwareVersion="v1.15 (Apr 26 2021 10:29:52)" BootloaderVersion="v2.0 (Mar 27 2019 15:56:10)" HardwareVersion="v1.6 (February)" />
  <ConnectionInformation ConnectionType="Udp" SendIPAddress="192.168.1.1" SendPort="9000" AdapterIPAddress="192.168.1.2" ReceivePort="8001" AdapterName="Intel(R) Wireless-AC 9560" />
  <TimeStamps First="2000-04-07 08:41:26.029" Last="2000-04-07 08:41:58.490" TimeSpan="00:00:32.461" />
  <FilesCreated>
    <File Name="sensors.csv" Messages="1622" />
    <File Name="quaternion.csv" Messages="1622" />
    <File Name="temperature.csv" Messages="33" />
    <File Name="humidity.csv" Messages="33" />
    <File Name="battery.csv" Messages="33" />
  </FilesCreated>
  <Statistics BytesReceived="21464124" PacketsReceived="128066" BundlesReceived="391854" MessagesReceived="263866" ReceiveErrors="0" />
</Device>