<Device>
  <DeviceInformation DeviceName="NGIMU" SerialNumber="004244B8" FirmwareVersion="v1.15 (Apr 26 2021 10:29:52)" BootloaderVersion="v2.0 (Mar 27 2019 15:56:10)" HardwareVersion="v1.6 (February)" />
  <ConnectionInformation ConnectionType="Udp" SendIPAddress="192.168.0.102" SendPort="9000" AdapterIPAddress="192.168.0.100" ReceivePort="8102" AdapterName="Intel(R) Wireless-AC 9560" />
  <TimeStamps First="2023-08-03 15:50:34.896" Last="2023-08-03 15:50:54.894" TimeSpan="00:00:19.998" />
  <FilesCreated>
    <File Name="sensors.csv" Messages="1000" />
    <File Name="quaternion.csv" Messages="1000" />
    <File Name="temperature.csv" Messages="19" />
    <File Name="humidity.csv" Messages="19" />
    <File Name="battery.csv" Messages="19" />
    <File Name="rssi.csv" Messages="39" />
  </FilesCreated>
  <Statistics BytesReceived="13345396" PacketsReceived="78800" BundlesReceived="244245" MessagesReceived="165524" ReceiveErrors="0" />
</Device>