<Device>
  <DeviceInformation DeviceName="NGIMU" SerialNumber="004244B8" FirmwareVersion="v1.15 (Apr 26 2021 10:29:52)" BootloaderVersion="v2.0 (Mar 27 2019 15:56:10)" HardwareVersion="v1.6 (February)" />
  <ConnectionInformation ConnectionType="Udp" SendIPAddress="192.168.0.101" SendPort="9000" AdapterIPAddress="192.168.0.102" ReceivePort="8101" AdapterName="Intel(R) Wireless-AC 9560" />
  <TimeStamps First="2023-08-02 12:17:02.617" Last="2023-08-02 12:17:32.636" TimeSpan="00:00:30.019" />
  <FilesCreated>
    <File Name="sensors.csv" Messages="1502" />
    <File Name="quaternion.csv" Messages="1502" />
    <File Name="rssi.csv" Messages="60" />
    <File Name="temperature.csv" Messages="30" />
    <File Name="humidity.csv" Messages="30" />
    <File Name="battery.csv" Messages="30" />
  </FilesCreated>
  <Statistics BytesReceived="20944876" PacketsReceived="123666" BundlesReceived="383344" MessagesReceived="259759" ReceiveErrors="0" />
</Device>