<Device>
  <DeviceInformation DeviceName="NGIMU" SerialNumber="004244B8" FirmwareVersion="v1.15 (Apr 26 2021 10:29:52)" BootloaderVersion="v2.0 (Mar 27 2019 15:56:10)" HardwareVersion="v1.6 (February)" />
  <ConnectionInformation ConnectionType="Udp" SendIPAddress="192.168.0.101" SendPort="9000" AdapterIPAddress="192.168.0.100" ReceivePort="8101" AdapterName="Intel(R) Wireless-AC 9560" />
  <TimeStamps First="2023-09-06 09:31:27.932" Last="2023-09-06 09:32:02.940" TimeSpan="00:00:35.008" />
  <FilesCreated>
    <File Name="sensors.csv" Messages="13950" />
    <File Name="quaternion.csv" Messages="13950" />
    <File Name="temperature.csv" Messages="35" />
    <File Name="humidity.csv" Messages="35" />
    <File Name="battery.csv" Messages="35" />
    <File Name="rssi.csv" Messages="70" />
  </FilesCreated>
  <Statistics BytesReceived="205038724" PacketsReceived="270019" BundlesReceived="2987043" MessagesReceived="2717105" ReceiveErrors="0" />
</Device>