<Device>
  <DeviceInformation DeviceName="NGIMU" SerialNumber="004244B8" FirmwareVersion="v1.15 (Apr 26 2021 10:29:52)" BootloaderVersion="v2.0 (Mar 27 2019 15:56:10)" HardwareVersion="v1.6 (February)" />
  <ConnectionInformation ConnectionType="Udp" SendIPAddress="192.168.1.1" SendPort="9000" AdapterIPAddress="192.168.1.2" ReceivePort="8001" AdapterName="Intel(R) Wireless-AC 9560" />
  <TimeStamps First="2000-04-01 09:24:32.858" Last="2000-04-01 09:25:07.060" TimeSpan="00:00:34.202" />
  <FilesCreated>
    <File Name="sensors.csv" Messages="1711" />
    <File Name="quaternion.csv" Messages="1711" />
    <File Name="temperature.csv" Messages="34" />
    <File Name="humidity.csv" Messages="34" />
    <File Name="battery.csv" Messages="34" />
  </FilesCreated>
  <Statistics BytesReceived="14339720" PacketsReceived="85550" BundlesReceived="261780" MessagesReceived="176287" ReceiveErrors="0" />
</Device>