<Device>
  <DeviceInformation DeviceName="NGIMU" SerialNumber="00424B93" FirmwareVersion="v1.15 (Apr 26 2021 10:29:52)" BootloaderVersion="v2.0 (Mar 27 2019 15:56:10)" HardwareVersion="v1.6 (February)" />
  <ConnectionInformation ConnectionType="Udp" SendIPAddress="192.168.0.102" SendPort="9000" AdapterIPAddress="192.168.0.100" ReceivePort="8102" AdapterName="Intel(R) Wireless-AC 9560" />
  <TimeStamps First="2023-09-06 09:33:16.785" Last="2023-09-06 09:33:51.823" TimeSpan="00:00:35.038" />
  <FilesCreated>
    <File Name="sensors.csv" Messages="13936" />
    <File Name="quaternion.csv" Messages="13936" />
    <File Name="temperature.csv" Messages="36" />
    <File Name="humidity.csv" Messages="36" />
    <File Name="rssi.csv" Messages="71" />
    <File Name="battery.csv" Messages="35" />
  </FilesCreated>
  <Statistics BytesReceived="211186748" PacketsReceived="278161" BundlesReceived="3076646" MessagesReceived="2798563" ReceiveErrors="0" />
</Device>