<Device>
  <DeviceInformation DeviceName="NGIMU_ESQUERDA" SerialNumber="00424494" FirmwareVersion="v1.15 (Apr 26 2021 10:29:52)" BootloaderVersion="v2.0 (Mar 27 2019 15:56:10)" HardwareVersion="v1.6 (February)" />
  <ConnectionInformation ConnectionType="Udp" SendIPAddress="192.168.0.101" SendPort="9000" AdapterIPAddress="192.168.0.100" ReceivePort="8101" AdapterName="Intel(R) Wireless-AC 9560" />
  <TimeStamps First="2023-11-16 10:51:54.023" Last="2023-11-16 10:52:13.024" TimeSpan="00:00:19.001" />
  <FilesCreated>
    <File Name="sensors.csv" Messages="7522" />
    <File Name="quaternion.csv" Messages="7521" />
    <File Name="battery.csv" Messages="19" />
    <File Name="rssi.csv" Messages="38" />
  </FilesCreated>
  <Statistics BytesReceived="238795336" PacketsReceived="316223" BundlesReceived="3477443" MessagesReceived="3161301" ReceiveErrors="0" />
</Device>