<Device>
  <DeviceInformation DeviceName="NGIMU" SerialNumber="00424B93" FirmwareVersion="v1.15 (Apr 26 2021 10:29:52)" BootloaderVersion="v2.0 (Mar 27 2019 15:56:10)" HardwareVersion="v1.6 (February)" />
  <ConnectionInformation ConnectionType="Udp" SendIPAddress="192.168.0.102" SendPort="9000" AdapterIPAddress="192.168.0.100" ReceivePort="8102" AdapterName="Intel(R) Wireless-AC 9560" />
  <TimeStamps First="2023-09-06 09:41:34.524" Last="2023-09-06 09:42:09.546" TimeSpan="00:00:35.022" />
  <FilesCreated>
    <File Name="sensors.csv" Messages="13940" />
    <File Name="quaternion.csv" Messages="13940" />
    <File Name="temperature.csv" Messages="34" />
    <File Name="humidity.csv" Messages="34" />
    <File Name="battery.csv" Messages="34" />
    <File Name="rssi.csv" Messages="69" />
  </FilesCreated>
  <Statistics BytesReceived="241293568" PacketsReceived="317814" BundlesReceived="3515251" MessagesReceived="3197515" ReceiveErrors="0" />
</Device>