<Device>
  <DeviceInformation DeviceName="NGIMU" SerialNumber="004244B8" FirmwareVersion="v1.15 (Apr 26 2021 10:29:52)" BootloaderVersion="v2.0 (Mar 27 2019 15:56:10)" HardwareVersion="v1.6 (February)" />
  <ConnectionInformation ConnectionType="Udp" SendIPAddress="192.168.0.102" SendPort="9000" AdapterIPAddress="192.168.0.100" ReceivePort="8102" AdapterName="Intel(R) Wireless-AC 9560" />
  <TimeStamps First="2023-08-29 15:39:53.329" Last="2023-08-29 15:40:23.352" TimeSpan="00:00:30.023" />
  <FilesCreated>
    <File Name="sensors.csv" Messages="6006" />
    <File Name="quaternion.csv" Messages="6006" />
    <File Name="rssi.csv" Messages="60" />
    <File Name="temperature.csv" Messages="30" />
    <File Name="humidity.csv" Messages="30" />
    <File Name="battery.csv" Messages="30" />
  </FilesCreated>
  <Statistics BytesReceived="16988420" PacketsReceived="52483" BundlesReceived="272102" MessagesReceived="219710" ReceiveErrors="0" />
</Device>