<Device>
  <DeviceInformation DeviceName="NGIMU" SerialNumber="00424B93" FirmwareVersion="v1.15 (Apr 26 2021 10:29:52)" BootloaderVersion="v2.0 (Mar 27 2019 15:56:10)" HardwareVersion="v1.6 (February)" />
  <ConnectionInformation ConnectionType="Udp" SendIPAddress="192.168.0.103" SendPort="9000" AdapterIPAddress="192.168.0.102" ReceivePort="8103" AdapterName="Intel(R) Wireless-AC 9560" />
  <TimeStamps First="2023-06-07 16:22:49.433" Last="2023-06-07 16:23:19.435" TimeSpan="00:00:30.002" />
  <FilesCreated>
    <File Name="sensors.csv" Messages="1501" />
    <File Name="quaternion.csv" Messages="1501" />
    <File Name="temperature.csv" Messages="31" />
    <File Name="humidity.csv" Messages="31" />
    <File Name="rssi.csv" Messages="61" />
    <File Name="battery.csv" Messages="30" />
  </FilesCreated>
  <Statistics BytesReceived="5367836" PacketsReceived="31681" BundlesReceived="98211" MessagesReceived="66609" ReceiveErrors="0" />
</Device>