<Device>
  <DeviceInformation DeviceName="NGIMU" SerialNumber="004244B8" FirmwareVersion="v1.15 (Apr 26 2021 10:29:52)" BootloaderVersion="v2.0 (Mar 27 2019 15:56:10)" HardwareVersion="v1.6 (February)" />
  <ConnectionInformation ConnectionType="Udp" SendIPAddress="192.168.0.101" SendPort="9000" AdapterIPAddress="192.168.0.100" ReceivePort="8101" AdapterName="Intel(R) Wireless-AC 9560" />
  <TimeStamps First="2023-09-06 09:24:17.686" Last="2023-09-06 09:24:52.708" TimeSpan="00:00:35.022" />
  <FilesCreated>
    <File Name="sensors.csv" Messages="13930" />
    <File Name="quaternion.csv" Messages="13930" />
    <File Name="rssi.csv" Messages="70" />
    <File Name="temperature.csv" Messages="35" />
    <File Name="humidity.csv" Messages="35" />
    <File Name="battery.csv" Messages="35" />
  </FilesCreated>
  <Statistics BytesReceived="178999532" PacketsReceived="235728" BundlesReceived="2607693" MessagesReceived="2372046" ReceiveErrors="0" />
</Device>