<Device>
  <DeviceInformation DeviceName="NGIMU" SerialNumber="004244B8" FirmwareVersion="v1.15 (Apr 26 2021 10:29:52)" BootloaderVersion="v2.0 (Mar 27 2019 15:56:10)" HardwareVersion="v1.6 (February)" />
  <ConnectionInformation ConnectionType="Udp" SendIPAddress="192.168.0.101" SendPort="9000" AdapterIPAddress="192.168.0.100" ReceivePort="8101" AdapterName="Intel(R) Wireless-AC 9560" />
  <TimeStamps First="2023-09-06 09:22:31.924" Last="2023-09-06 09:23:01.984" TimeSpan="00:00:30.060" />
  <FilesCreated>
    <File Name="sensors.csv" Messages="11995" />
    <File Name="quaternion.csv" Messages="11995" />
    <File Name="temperature.csv" Messages="30" />
    <File Name="humidity.csv" Messages="30" />
    <File Name="battery.csv" Messages="30" />
    <File Name="rssi.csv" Messages="59" />
  </FilesCreated>
  <Statistics BytesReceived="172311736" PacketsReceived="226921" BundlesReceived="2510262" MessagesReceived="2283422" ReceiveErrors="0" />
</Device>