<Device>
  <DeviceInformation DeviceName="NGIMU" SerialNumber="00424B93" FirmwareVersion="v1.15 (Apr 26 2021 10:29:52)" BootloaderVersion="v2.0 (Mar 27 2019 15:56:10)" HardwareVersion="v1.6 (February)" />
  <ConnectionInformation ConnectionType="Udp" SendIPAddress="192.168.0.101" SendPort="9000" AdapterIPAddress="192.168.0.100" ReceivePort="8101" AdapterName="Intel(R) Wireless-AC 9560" />
  <TimeStamps First="2023-08-29 15:40:58.655" Last="2023-08-29 15:41:28.675" TimeSpan="00:00:30.020" />
  <FilesCreated>
    <File Name="sensors.csv" Messages="12010" />
    <File Name="quaternion.csv" Messages="12010" />
    <File Name="rssi.csv" Messages="60" />
    <File Name="temperature.csv" Messages="30" />
    <File Name="humidity.csv" Messages="30" />
    <File Name="battery.csv" Messages="30" />
  </FilesCreated>
  <Statistics BytesReceived="20108916" PacketsReceived="57433" BundlesReceived="318221" MessagesReceived="260892" ReceiveErrors="0" />
</Device>