<Device>
  <DeviceInformation DeviceName="NGIMU" SerialNumber="004244B8" FirmwareVersion="v1.15 (Apr 26 2021 10:29:52)" BootloaderVersion="v2.0 (Mar 27 2019 15:56:10)" HardwareVersion="v1.6 (February)" />
  <ConnectionInformation ConnectionType="Udp" SendIPAddress="192.168.0.101" SendPort="9000" AdapterIPAddress="192.168.0.100" ReceivePort="8101" AdapterName="Intel(R) Wireless-AC 9560" />
  <TimeStamps First="2023-09-06 09:36:46.679" Last="2023-09-06 09:37:21.701" TimeSpan="00:00:35.022" />
  <FilesCreated>
    <File Name="sensors.csv" Messages="13955" />
    <File Name="quaternion.csv" Messages="13955" />
    <File Name="rssi.csv" Messages="70" />
    <File Name="temperature.csv" Messages="35" />
    <File Name="humidity.csv" Messages="35" />
    <File Name="battery.csv" Messages="35" />
  </FilesCreated>
  <Statistics BytesReceived="224313676" PacketsReceived="295402" BundlesReceived="3267849" MessagesReceived="2972528" ReceiveErrors="0" />
</Device>