<Device>
  <DeviceInformation DeviceName="NGIMU_DIREITA" SerialNumber="004244B8" FirmwareVersion="v1.15 (Apr 26 2021 10:29:52)" BootloaderVersion="v2.0 (Mar 27 2019 15:56:10)" HardwareVersion="v1.6 (February)" />
  <ConnectionInformation ConnectionType="Udp" SendIPAddress="192.168.0.102" SendPort="9000" AdapterIPAddress="192.168.0.100" ReceivePort="8102" AdapterName="Intel(R) Wireless-AC 9560" />
  <TimeStamps First="2023-11-16 10:51:54.030" Last="2023-11-16 10:52:13.254" TimeSpan="00:00:19.224" />
  <FilesCreated>
    <File Name="sensors.csv" Messages="6942" />
    <File Name="quaternion.csv" Messages="6942" />
    <File Name="rssi.csv" Messages="39" />
    <File Name="battery.csv" Messages="19" />
  </FilesCreated>
  <Statistics BytesReceived="222054072" PacketsReceived="299844" BundlesReceived="3238393" MessagesReceived="2938627" ReceiveErrors="0" />
</Device>